{"cameraMode":{"drawMode":0,"name":"Shaded","section":"Shading Mode"},"sceneLighting":false,"audioPlay":false,"sceneViewState":{"m_AlwaysRefresh":false,"showFog":true,"showSkybox":false,"showFlares":true,"showImageEffects":true,"showParticleSystems":true,"showVisualEffectGraphs":true,"m_FxEnabled":true},"in2DMode":false,"pivot":{"x":-1.4660074710845948,"y":0.5838623046875,"z":0.3674134910106659},"rotation":{"x":0.34226444363594057,"y":-0.029589544981718065,"z":0.010786779224872589,"w":0.9390894174575806},"size":4.949999809265137,"orthographic":false}